End Type,Material,Length,OD,Wire Dia,Extended Lg @ Max Load,Min Load (lb),Max Load (lb),Spring Rate,Pkg Qty,Part Number,Price
Loop End,Spring Steel,0.25",0.063",0.007",0.54",0.03,0.32,1 lbf/in,5,5108N001,14.88
Loop End,Spring Steel,0.25",0.063",0.008",0.46",0.04,0.45,2 lbf/in,5,5108N006,15.15
Loop End,Spring Steel,0.25",0.063",0.009",0.4",0.06,0.62,3.7 lbf/in,5,5108N013,15.15
Loop End,Spring Steel,0.25",0.063",0.011",0.34",0.1,1.09,11.1 lbf/in,5,5108N02,14.60
Loop End,Spring Steel,0.31",0.063",0.007",0.73",0.03,0.32,0.7 lbf/in,5,5108N002,14.60
Loop End,Spring Steel,0.31",0.063",0.008",0.6",0.04,0.45,1.4 lbf/in,5,5108N007,15.15
Loop End,Spring Steel,0.31",0.063",0.009",0.52",0.06,0.62,2.7 lbf/in,5,5108N014,14.60
Loop End,Spring Steel,0.31",0.063",0.011",0.44",0.1,1.09,7.9 lbf/in,5,5108N021,14.60
Loop End,Spring Steel,0.375",0.063",0.007",0.93",0.03,0.32,0.5 lbf/in,5,5108N003,14.60
Loop End,Spring Steel,0.375",0.063",0.008",0.75",0.04,0.45,1.1 lbf/in,5,5108N008,14.60
Loop End,Spring Steel,0.375",0.063",0.009",0.65",0.06,0.62,2.1 lbf/in,5,5108N015,15.15
Loop End,Spring Steel,0.375",0.063",0.011",0.55",0.1,1.09,5.9 lbf/in,5,5108N022,15.15
Loop End,Spring Steel,0.375",0.094",0.01",0.84",0.05,0.6,1.2 lbf/in,5,5108N027,14.60
Loop End,Spring Steel,0.375",0.094",0.011",0.72",0.06,0.7,1.9 lbf/in,5,5108N034,14.60
Loop End,Spring Steel,0.375",0.094",0.012",0.66",0.1,1,3.2 lbf/in,5,5108N041,14.60
Loop End,Spring Steel,0.375",0.094",0.013",0.6",0.1,1.15,4.6 lbf/in,5,5108N048,14.60
Loop End,Spring Steel,0.375",0.094",0.014",0.57",0.17,1.5,7.1 lbf/in,5,5108N055,14.60
Loop End,Spring Steel,0.375",0.094",0.016",0.52",0.19,2.15,14.2 lbf/in,5,5108N062,14.60
Loop End,Spring Steel,0.375",0.12",0.016",0.57",0.2,1.6,7.9 lbf/in,5,5108N073,11.42
Loop End,Spring Steel,0.375",0.12",0.018",0.52",0.2,2.2,14.4 lbf/in,5,5108N083,11.85
Loop End,Spring Steel,0.5",0.063",0.007",1.12",0.03,0.32,0.4 lbf/in,5,5108N004,14.60
Loop End,Spring Steel,0.5",0.063",0.007",1.31",0.03,0.32,0.4 lbf/in,5,5108N005,14.60
Loop End,Spring Steel,0.5",0.063",0.008",0.91",0.04,0.45,0.9 lbf/in,5,5108N009,15.15
Loop End,Spring Steel,0.5",0.063",0.008",1.05",0.04,0.45,0.7 lbf/in,5,5108N01,14.60
Loop End,Spring Steel,0.5",0.063",0.009",0.77",0.06,0.62,1.7 lbf/in,5,5108N016,15.15
Loop End,Spring Steel,0.5",0.063",0.009",0.9",0.06,0.62,1.4 lbf/in,5,5108N017,14.60
Loop End,Spring Steel,0.5",0.063",0.011",0.65",0.1,1.09,4.8 lbf/in,5,5108N023,15.15
Loop End,Spring Steel,0.5",0.063",0.011",0.74",0.1,1.09,4.1 lbf/in,5,5108N024,14.60
Loop End,Spring Steel,0.5",0.094",0.01",1.03",0.05,0.6,0.9 lbf/in,5,5108N028,14.60
Loop End,Spring Steel,0.5",0.094",0.01",1.23",0.05,0.6,0.8 lbf/in,5,5108N029,14.60
Loop End,Spring Steel,0.5",0.094",0.011",0.87",0.06,0.7,1.5 lbf/in,5,5108N035,14.60
Loop End,Spring Steel,0.5",0.094",0.011",1.03",0.06,0.7,1.2 lbf/in,5,5108N036,14.60
Loop End,Spring Steel,0.5",0.094",0.012",0.82",0.1,1,2.4 lbf/in,5,5108N042,15.15
Loop End,Spring Steel,0.5",0.094",0.012",0.95",0.1,1,2 lbf/in,5,5108N043,14.60
Loop End,Spring Steel,0.5",0.094",0.013",0.73",0.1,1.15,3.6 lbf/in,5,5108N049,14.60
Loop End,Spring Steel,0.5",0.094",0.013",0.85",0.1,1.15,3 lbf/in,5,5108N05,14.60
Loop End,Spring Steel,0.5",0.094",0.014",0.68",0.17,1.5,5.5 lbf/in,5,5108N056,14.60
Loop End,Spring Steel,0.5",0.094",0.014",0.79",0.17,1.5,4.6 lbf/in,5,5108N057,15.15
Loop End,Spring Steel,0.5",0.094",0.016",0.62",0.19,2.15,11 lbf/in,5,5108N063,14.60
Loop End,Spring Steel,0.5",0.094",0.016",0.71",0.19,2.15,9.2 lbf/in,5,5108N064,14.60
Loop End,Spring Steel,0.5",0.12",0.016",0.82",0.2,1.6,4.6 lbf/in,5,5108N074,11.85
Loop End,Spring Steel,0.5",0.12",0.02",0.68",0.3,3,15.1 lbf/in,5,5108N091,11.42
Loop End,Spring Steel,0.5",0.125",0.014",0.754",0.15,0.76,2.4 lbf/in,12,9654K941,11.70
Loop End,Spring Steel,0.5",0.125",0.018",0.616",0.41,1.52,9.56 lbf/in,12,9654K942,11.70
Loop End,Spring Steel,0.5",0.18",0.022",0.73",0.2,2.6,10.5 lbf/in,3,9044K31,5.89
Loop End,Spring Steel,0.5",0.18",0.026",0.66",0.4,4.2,24.3 lbf/in,5,5108N155,16.62
Loop End,Spring Steel,0.5",0.18",0.031",0.61",0.6,6.8,59.4 lbf/in,5,5108N176,18.02
Loop End,Spring Steel,0.5",0.188",0.016",0.731",0.11,0.75,2.77 lbf/in,12,9654K943,11.70
Loop End,Spring Steel,0.5",0.188",0.02",0.62",0.28,1.41,9.41 lbf/in,12,9654K944,11.50
Loop End,Spring Steel,0.5",0.24",0.026",0.6",0.3,3.3,28.9 lbf/in,5,5108N22,16.30
Loop End,Spring Steel,0.625",0.063",0.008",1.34",0.04,0.45,0.6 lbf/in,5,5108N011,14.60
Loop End,Spring Steel,0.625",0.063",0.009",1.13",0.06,0.62,1.1 lbf/in,5,5108N018,15.15
Loop End,Spring Steel,0.625",0.063",0.011",0.93",0.1,1.09,3.2 lbf/in,5,5108N025,15.15
Loop End,Spring Steel,0.625",0.094",0.01",1.6",0.05,0.6,0.6 lbf/in,5,5108N03,14.60
Loop End,Spring Steel,0.625",0.094",0.011",1.34",0.06,0.7,0.9 lbf/in,5,5108N037,15.15
Loop End,Spring Steel,0.625",0.094",0.012",1.22",0.1,1,1.5 lbf/in,5,5108N044,15.15
Loop End,Spring Steel,0.625",0.094",0.013",1.09",0.1,1.15,2.2 lbf/in,5,5108N051,14.60
Loop End,Spring Steel,0.625",0.094",0.014",1.01",0.17,1.5,3.4 lbf/in,5,5108N058,15.15
Loop End,Spring Steel,0.625",0.094",0.016",0.91",0.19,2.15,6.8 lbf/in,5,5108N065,14.60
Loop End,Spring Steel,0.625",0.12",0.016",1.07",0.2,1.6,3.3 lbf/in,5,5108N075,11.42
Loop End,Spring Steel,0.625",0.12",0.02",0.87",0.3,3,10.8 lbf/in,5,5108N092,12.60
Loop End,Spring Steel,0.625",0.12",0.022",0.81",0.35,3.89,18.3 lbf/in,5,5108N103,12.60
Loop End,Spring Steel,0.625",0.125",0.014",1.014",0.15,0.76,1.57 lbf/in,12,9654K945,11.70
Loop End,Spring Steel,0.625",0.125",0.018",0.804",0.41,1.52,6.21 lbf/in,12,9654K946,11.70
Loop End,Spring Steel,0.625",0.18",0.014",1.75",0.07,0.77,0.6 lbf/in,5,5108N115,18.02
Loop End,Spring Steel,0.625",0.18",0.018",1.255",0.14,1.55,2.2 lbf/in,3,9044K11,5.89
Loop End,Spring Steel,0.625",0.18",0.022",1.015",0.2,2.6,6.3 lbf/in,3,9044K33,5.89
Loop End,Spring Steel,0.625",0.18",0.024",0.94",0.31,3.45,9.9 lbf/in,5,5108N143,16.30
Loop End,Spring Steel,0.625",0.18",0.026",0.88",0.4,4.2,15 lbf/in,5,5108N156,16.30
Loop End,Spring Steel,0.625",0.18",0.029",0.825",0.52,5.82,26.5 lbf/in,3,9044K53,5.89
Loop End,Spring Steel,0.625",0.18",0.031",0.79",0.6,6.8,37.8 lbf/in,5,5108N177,16.62
Loop End,Spring Steel,0.625",0.18",0.034",0.75",0.81,8.97,61.8 lbf/in,5,5108N19,16.30
Loop End,Spring Steel,0.625",0.188",0.016",1.121",0.11,0.75,1.29 lbf/in,12,9654K947,11.70
Loop End,Spring Steel,0.625",0.188",0.02",0.888",0.28,1.41,4.29 lbf/in,12,9654K948,11.70
Loop End,Spring Steel,0.625",0.24",0.018",1.285",0.11,1.18,1.6 lbf/in,3,9044K176,5.89
Loop End,Spring Steel,0.625",0.24",0.022",1.06",0.19,2.07,4.3 lbf/in,5,5108N208,16.30
Loop End,Spring Steel,0.625",0.24",0.026",0.93",0.3,3.3,9.7 lbf/in,5,5108N221,18.02
Loop End,Spring Steel,0.625",0.24",0.029",0.875",0.4,4.5,16.5 lbf/in,3,9044K111,5.89
Loop End,Spring Steel,0.625",0.24",0.031",0.84",0.5,5.3,22.8 lbf/in,5,5108N251,16.30
Loop End,Spring Steel,0.625",0.24",0.034",0.8",0.65,7,36 lbf/in,5,5108N269,16.30
Loop End,Spring Steel,0.625",0.24",0.037",0.775",0.8,8.7,54.7 lbf/in,3,9044K139,5.89
Loop End,Spring Steel,0.625",0.24",0.041",0.78",2,13,79 lbf/in,1,8594N105,4.51
Loop End,Spring Steel,0.75",0.063",0.008",1.64",0.04,0.45,0.5 lbf/in,5,5108N012,14.60
Loop End,Spring Steel,0.75",0.063",0.009",1.4",0.06,0.62,0.9 lbf/in,5,5108N019,15.73
Loop End,Spring Steel,0.75",0.063",0.011",1.14",0.1,1.09,2.5 lbf/in,5,5108N026,15.15
Loop End,Spring Steel,0.75",0.094",0.01",2",0.05,0.6,0.4 lbf/in,5,5108N031,14.60
Loop End,Spring Steel,0.75",0.094",0.011",1.68",0.06,0.7,0.7 lbf/in,5,5108N038,14.88
Loop End,Spring Steel,0.75",0.094",0.012",1.5",0.1,1,1.2 lbf/in,5,5108N045,14.60
Loop End,Spring Steel,0.75",0.094",0.013",1.35",0.1,1.15,1.7 lbf/in,5,5108N052,15.15
Loop End,Spring Steel,0.75",0.094",0.014",1.23",0.17,1.5,2.7 lbf/in,5,5108N059,16.15
Loop End,Spring Steel,0.75",0.094",0.016",1.12",0.19,2.15,5.3 lbf/in,5,5108N066,15.15
Loop End,Spring Steel,0.75",0.12",0.014",2.01",0.1,1.3,0.97 lbf/in,1,8594N101,4.04
Loop End,Spring Steel,0.75",0.12",0.02",1.08",0.3,3,8.3 lbf/in,5,5108N093,11.42
Loop End,Spring Steel,0.75",0.12",0.022",1",0.35,3.89,14 lbf/in,5,5108N104,11.42
Loop End,Spring Steel,0.75",0.125",0.012",1.554",0.08,0.49,0.51 lbf/in,1,9654K591,4.38
Loop End,Spring Steel,0.75",0.125",0.014",1.276",0.15,0.76,1.16 lbf/in,12,9654K949,11.70
Loop End,Spring Steel,0.75",0.125",0.016",1.1",0.26,1.1,2.4 lbf/in,12,9654K951,11.70
Loop End,Spring Steel,0.75",0.125",0.018",0.991",0.41,1.52,4.6 lbf/in,12,9654K952,11.70
Loop End,Spring Steel,0.75",0.125",0.02",0.926",0.58,2.04,8.28 lbf/in,12,9654K953,11.70
Loop End,Spring Steel,0.75",0.125",0.023",0.859",0.98,2.98,18.28 lbf/in,12,9654K954,11.70
Loop End,Spring Steel,0.75",0.18",0.014",2.4",0.07,0.77,0.4 lbf/in,5,5108N116,16.30
Loop End,Spring Steel,0.75",0.18",0.018",1.66",0.14,1.55,1.5 lbf/in,3,9044K104,5.89
Loop End,Spring Steel,0.75",0.18",0.022",1.31",0.2,2.6,4.4 lbf/in,3,9044K128,5.89
Loop End,Spring Steel,0.75",0.18",0.024",1.2",0.31,3.45,6.9 lbf/in,5,5108N144,18.02
Loop End,Spring Steel,0.75",0.18",0.026",1.12",0.4,4.2,10.6 lbf/in,5,5108N157,16.30
Loop End,Spring Steel,0.75",0.18",0.029",1.03",0.52,5.82,18.9 lbf/in,3,9044K55,5.89
Loop End,Spring Steel,0.75",0.18",0.031",0.98",0.6,6.8,27.1 lbf/in,5,5108N178,16.62
Loop End,Spring Steel,0.75",0.18",0.034",0.93",0.81,8.97,44.7 lbf/in,5,5108N191,16.92
Loop End,Spring Steel,0.75",0.188",0.016",1.512",0.11,0.75,0.84 lbf/in,12,9654K955,11.70
Loop End,Spring Steel,0.75",0.188",0.018",1.301",0.18,1.05,1.58 lbf/in,12,9654K956,11.70
Loop End,Spring Steel,0.75",0.188",0.02",1.156",0.28,1.41,2.78 lbf/in,12,9654K957,11.70
Loop End,Spring Steel,0.75",0.188",0.023",1.017",0.49,2.08,5.96 lbf/in,12,9654K958,11.70
Loop End,Spring Steel,0.75",0.188",0.025",0.956",0.68,2.62,9.43 lbf/in,12,9654K959,11.70
Loop End,Spring Steel,0.75",0.24",0.018",1.96",0.11,1.18,0.9 lbf/in,3,9044K178,5.89
Loop End,Spring Steel,0.75",0.24",0.022",1.53",0.19,2.07,2.4 lbf/in,3,9044K194,5.89
Loop End,Spring Steel,0.75",0.24",0.026",1.29",0.3,3.3,5.6 lbf/in,5,5108N222,16.30
Loop End,Spring Steel,0.75",0.24",0.029",1.17",0.4,4.5,9.8 lbf/in,3,9044K113,5.89
Loop End,Spring Steel,0.75",0.24",0.031",1.11",0.5,5.3,13.8 lbf/in,5,5108N252,18.02
Loop End,Spring Steel,0.75",0.24",0.034",1.04",0.65,7,22.1 lbf/in,5,5108N27,16.92
Loop End,Spring Steel,0.75",0.24",0.037",0.98",0.8,8.7,34.3 lbf/in,5,5108N287,16.30
Loop End,Spring Steel,0.75",0.24",0.041",0.93",1.05,11.65,58.5 lbf/in,5,5108N301,16.30
Loop End,Spring Steel,0.75",0.3",0.037",1.01",0.65,7.2,25.4 lbf/in,3,9044K171,5.89
Loop End,Spring Steel,0.75",0.36",0.045",0.87",0.9,10.2,76.5 lbf/in,3,9044K243,5.89
Loop End,Spring Steel,0.875",0.094",0.01",2.33",0.05,0.6,0.3 lbf/in,5,5108N032,14.60
Loop End,Spring Steel,0.875",0.094",0.012",1.82",0.1,1,1 lbf/in,5,5108N046,14.60
Loop End,Spring Steel,0.875",0.094",0.014",1.49",0.17,1.5,2.2 lbf/in,5,5108N06,14.60
Loop End,Spring Steel,0.875",0.12",0.016",1.62",0.2,1.6,2 lbf/in,5,5108N076,10.87
Loop End,Spring Steel,0.875",0.12",0.02",1.29",0.3,3,6.7 lbf/in,5,5108N094,11.25
Loop End,Spring Steel,0.875",0.12",0.022",1.19",0.35,3.89,11.4 lbf/in,5,5108N105,11.85
Loop End,Spring Steel,0.875",0.125",0.014",1.531",0.15,0.76,0.93 lbf/in,12,9654K961,11.70
Loop End,Spring Steel,0.875",0.125",0.018",1.179",0.41,1.52,3.65 lbf/in,12,9654K962,11.70
Loop End,Spring Steel,0.875",0.18",0.018",2.075",0.14,1.55,1.2 lbf/in,3,9044K15,5.89
Loop End,Spring Steel,0.875",0.18",0.022",1.61",0.2,2.6,3.4 lbf/in,5,5108N134,16.30
Loop End,Spring Steel,0.875",0.18",0.024",1.47",0.31,3.45,5.3 lbf/in,5,5108N145,16.30
Loop End,Spring Steel,0.875",0.18",0.026",1.36",0.4,4.2,8.2 lbf/in,5,5108N158,16.30
Loop End,Spring Steel,0.875",0.18",0.029",1.235",0.52,5.82,14.7 lbf/in,3,9044K57,5.89
Loop End,Spring Steel,0.875",0.18",0.031",1.18",0.6,6.8,21.1 lbf/in,5,5108N179,16.92
Loop End,Spring Steel,0.875",0.18",0.034",1.11",0.81,8.97,35 lbf/in,5,5108N192,16.30
Loop End,Spring Steel,0.875",0.188",0.016",1.907",0.11,0.75,0.62 lbf/in,12,9654K963,11.70
Loop End,Spring Steel,0.875",0.188",0.02",1.424",0.28,1.41,2.06 lbf/in,12,9654K964,11.70
Loop End,Spring Steel,0.875",0.24",0.018",2.675",0.11,1.18,0.6 lbf/in,3,9044K81,5.89
Loop End,Spring Steel,0.875",0.24",0.022",2",0.19,2.07,1.7 lbf/in,5,5108N209,18.02
Loop End,Spring Steel,0.875",0.24",0.026",1.64",0.3,3.3,4 lbf/in,5,5108N223,16.62
Loop End,Spring Steel,0.875",0.24",0.029",1.465",0.4,4.5,7 lbf/in,3,9044K115,5.89
Loop End,Spring Steel,0.875",0.24",0.031",1.38",0.5,5.3,9.9 lbf/in,5,5108N253,18.02
Loop End,Spring Steel,0.875",0.24",0.034",1.26",0.65,7,16 lbf/in,5,5108N271,18.02
Loop End,Spring Steel,0.875",0.24",0.037",1.24",1,9.6,24 lbf/in,1,8594N104,4.51
Loop End,Spring Steel,0.875",0.24",0.041",1.09",1,13,55 lbf/in,1,8594N106,4.51
Loop End,Spring Steel,0.875",0.359",0.031",1.66",0.3,4.1,4.9 lbf/in,1,8594N116,3.71
Loop End,Spring Steel,0.875",0.36",0.031",1.4",0.33,3.69,6.3 lbf/in,5,5108N359,16.30
Loop End,Spring Steel,1",0.094",0.01",2.69",0.05,0.6,0.3 lbf/in,5,5108N033,14.60
Loop End,Spring Steel,1",0.094",0.011",2.33",0.06,0.7,0.5 lbf/in,5,5108N04,14.60
Loop End,Spring Steel,1",0.094",0.012",2.1",0.1,1,0.8 lbf/in,5,5108N047,14.60
Loop End,Spring Steel,1",0.094",0.013",1.86",0.1,1.15,1.2 lbf/in,5,5108N054,14.60
Loop End,Spring Steel,1",0.094",0.014",1.7",0.17,1.5,1.9 lbf/in,5,5108N061,14.60
Loop End,Spring Steel,1",0.094",0.016",1.52",0.19,2.15,3.7 lbf/in,5,5108N068,14.60
Loop End,Spring Steel,1",0.12",0.022",1.36",0.35,3.89,9.7 lbf/in,5,5108N106,11.42
Loop End,Spring Steel,1",0.125",0.014",1.792",0.15,0.76,0.77 lbf/in,12,9654K965,11.70
Loop End,Spring Steel,1",0.125",0.016",1.528",0.26,1.1,1.59 lbf/in,12,9654K966,11.70
Loop End,Spring Steel,1",0.125",0.018",1.366",0.41,1.52,3.03 lbf/in,12,9654K967,11.70
Loop End,Spring Steel,1",0.125",0.02",1.268",0.58,2.04,5.44 lbf/in,12,9654K968,11.70
Loop End,Spring Steel,1",0.18",0.014",3.69",0.07,0.77,0.3 lbf/in,5,5108N117,16.30
Loop End,Spring Steel,1",0.18",0.018",2.46",0.14,1.55,1 lbf/in,3,9044K17,5.89
Loop End,Spring Steel,1",0.18",0.022",1.86",0.2,2.6,2.8 lbf/in,3,9044K42,5.89
Loop End,Spring Steel,1",0.18",0.024",1.71",0.31,3.45,4.4 lbf/in,5,5108N146,16.30
Loop End,Spring Steel,1",0.18",0.026",1.57",0.4,4.2,6.8 lbf/in,5,5108N159,16.30
Loop End,Spring Steel,1",0.18",0.029",1.43",0.52,5.82,12.2 lbf/in,3,9044K59,5.89
Loop End,Spring Steel,1",0.18",0.031",1.35",0.6,6.8,17.8 lbf/in,5,5108N18,16.30
Loop End,Spring Steel,1",0.18",0.034",1.28",0.81,8.97,29.2 lbf/in,5,5108N193,16.30
Loop End,Spring Steel,1",0.188",0.016",2.28",0.11,0.75,0.5 lbf/in,12,9654K969,11.70
Loop End,Spring Steel,1",0.188",0.02",1.693",0.28,1.41,1.63 lbf/in,12,9654K971,11.70
Loop End,302 Stainless Steel,0.25",0.063",0.009",0.4",0.05,0.52,3.08 lbf/in,3,7749N003,13.58
Loop End,316 Stainless Steel,0.25",0.063",0.007",0.36",0.02,0.12,0.83 lbf/in,2,4992N101,17.70
Hook End,Spring Steel,3.5",0.375",0.041",7.73",0.9,7.8,1.63 lbf/in,1,9432K144,3.85
Hook End,Spring Steel,3.5",0.375",0.049",6.24",1.5,13,4.2 lbf/in,1,9432K157,3.96
Hook End,Spring Steel,3.5",0.5",0.037",13.59",0.4,4.4,0.4 lbf/in,3,7383N696,11.55
Hook End,Spring Steel,3.5",0.5",0.045",9.64",0.7,7.5,1.1 lbf/in,3,7383N72,12.05
Hook End,Spring Steel,3.5",0.5",0.049",8.64",0.88,9.75,1.7 lbf/in,5,7383N733,18.93
Hook End,Spring Steel,3.5",0.5",0.055",7.19",1.2,13.1,3.2 lbf/in,3,7383N745,11.80
Hook End,Spring Steel,3.5",0.5",0.063",6.08",1.7,18.8,6.6 lbf/in,3,7383N755,13.17
Hook End,Spring Steel,3.5",0.5",0.069",5.56",2.18,24.21,10.7 lbf/in,3,7383N767,17.27
Hook End,Spring Steel,3.5",0.5",0.075",5.16",2.75,30.51,16.7 lbf/in,3,7383N78,19.32
Hook End,Spring Steel,3.5",0.65",0.063",7.87",1.4,14.8,3 lbf/in,3,7383N933,17.88
Elongated-Hook End,Spring Steel,2 3/8",0.281",0.047",2.765",3.44,11.75,21.32 lbf/in,6,96605K23,19.80
Elongated-Hook End,Spring Steel,2 1/2",0.313",0.023",5.52",0.15,1.2,0.34 lbf/in,6,96605K44,21.38
Elongated-Hook End,Spring Steel,3 1/2",0.25",0.041",4.04",2.61,8.35,10.67 lbf/in,6,96605K21,20.90
Elongated-Hook End,Spring Steel,3 3/4",0.563",0.072",4.21",4.13,17.6,29.44 lbf/in,3,96605K26,10.82
Elongated-Hook End,Spring Steel,4",0.25",0.035",4.49",1.42,5.26,7.87 lbf/in,6,96605K22,19.80
Elongated-Hook End,Spring Steel,5 1/4",0.5",0.08",5.94",9.51,27.74,26.27 lbf/in,3,96605K27,11.92
Elongated-Hook End,Spring Steel,5 5/8",0.719",0.047",14.625",0.48,4.59,0.46 lbf/in,10,9290K45,33.87
Elongated-Hook End,Spring Steel,5 3/4",0.375",0.054",7.932",3.5,13.44,4.69 lbf/in,1,96605K54,5.62
Elongated-Hook End,Spring Steel,5 3/4",0.437",0.054",9.022",2.64,11.36,2.72 lbf/in,1,96605K53,5.83
Elongated-Hook End,Spring Steel,5 3/4",0.5",0.062",8.442",3.52,14.68,4.25 lbf/in,1,96605K51,5.72